Time,data
10.019186258,-1.0
13.213997363,-1.0
20.864412305000002,17.527679095055415
183.241159197,19.477735883399827
