Time,data
10.019186258,-1.0
13.226767062,-1.0
20.864412305000002,182.42052872726313
183.241159197,147.82781675704246
