Time,data
10.019186258,0
13.213997363,1
15.226083277,2
177.510268208,3
