Time,data
13.04068613,1
197.736150499,2
197.854882951,3
198.009740587,4
