Time,data
197.736150499,0.8888888888888888
197.854882951,0.9666666666666667
198.009740587,0.9696969696969697
