Time,data
11.023369311,1
39.248101231,2
39.401838299,3
39.51158714,4
39.570977208,5
39.744669911,6
