Time,data
13.276845454,0.0
232.176959508,0.0
242.213628285,20.0
