Time,data
222.797632449,0.7291666666666667
222.899679893,0.7575757575757576
