Time,data
39.248101231,0.8333333333333333
39.401838299,0.7333333333333334
39.51158714,0.6666666666666667
39.640466687,0.6190476190476191
39.744669911,0.5833333333333333
