Time,data
12.146478175,0.0
207.234665628,0.0
217.222573038,20.0
227.252265688,40.0
237.254711862,60.0
247.270495172,80.0
